{
  "project_info": {
    "project_number": "482710829741",
    "firebase_url": "https://cashurcelluser.firebaseio.com",
    "project_id": "cashurcelluser",
    "storage_bucket": "cashurcelluser.appspot.com"
  },
  "client": [
    {
      "client_info": {
        "mobilesdk_app_id": "1:482710829741:android:b6c0db1e947eb258",
        "android_client_info": {
          "package_name": "e.microsoft.cashurcelluser"
        }
      },
      "oauth_client": [
        {
          "client_id": "482710829741-8drtkvm5fn0rivte2b3ok04d1je0qmr4.apps.googleusercontent.com",
          "client_type": 1,
          "android_info": {
            "package_name": "e.microsoft.cashurcelluser",
            "certificate_hash": "4dd840c9d6f90ddefb01bd8def6bb3ddd8b86367"
          }
        },
        {
          "client_id": "482710829741-3qemn2vvi8dnb2a0fio1pm62pn9fbl0l.apps.googleusercontent.com",
          "client_type": 1,
          "android_info": {
            "package_name": "e.microsoft.cashurcelluser",
            "certificate_hash": "1d5d0472f70660871ac0af54944da4b87a2c9eb3"
          }
        },
        {
          "client_id": "482710829741-na5735hn2egel92gehkjm1aapttdkae1.apps.googleusercontent.com",
          "client_type": 3
        }
      ],
      "api_key": [
        {
          "current_key": "AIzaSyCIYbxDMjzbXT3PBF7tp3pTpdqdbQ1TUzs"
        }
      ],
      "services": {
        "appinvite_service": {
          "other_platform_oauth_client": [
            {
              "client_id": "482710829741-na5735hn2egel92gehkjm1aapttdkae1.apps.googleusercontent.com",
              "client_type": 3
            }
          ]
        }
      }
    }
  ],
  "configuration_version": "1"
}